Emittent;BaFin-ID;ISIN;Meldepflichtiger;Position / Status;Art des Instruments;Art des Geschäfts;Durchschnittspreis;Aggregiertes Volumen;Mitteilungsdatum;Datum des Geschäfts;Ort des Geschäfts;Datum der Aktivierung
TeamViewer AG;40029194;DE000A2YN900;Steil, Oliver;Vorstand;Aktie;Sonstiges;14,21 EUR;284.150,64 EUR;14.03.2023;13.03.2023;;14.03.2023 16:10:47
TeamViewer AG;40029194;DE000A2YN900;Steil, Oliver;Vorstand;Aktie;Sonstiges;14,66 EUR;733.018,65 EUR;14.03.2023;13.03.2023;;14.03.2023 16:05:27
Stabilus SE;40022271;DE000STAB1L8;Büchsner, Dr. Michael;Vorstand;Aktie;Kauf;59,36 EUR;29.680,00 EUR;14.03.2023;13.03.2023;XETRA;14.03.2023 14:31:33
STRATEC SE;40001599;DE000STRA555;Wolfinger, Marcus;Vorstand;Aktie;Kauf;66,60 EUR;14.652,00 EUR;13.03.2023;13.03.2023;QUOTRIX;13.03.2023 13:17:58
METRO AG;40025939;DE000BFB0019;Greubel, Dr. Steffen;Vorstand;Aktie;Kauf;7,97 EUR;119.625,00 EUR;10.03.2023;10.03.2023;Unicredit Bank AG;13.03.2023 09:34:32
LEG Immobilien SE;40019594;DE000LEG1110;Wiegel, Dr. Volker;Vorstand;Aktie;Kauf;58,82 EUR;41.174,00 EUR;10.03.2023;10.03.2023;Xetra;13.03.2023 09:34:32
STRATEC SE;40001599;DE000STRA555;Wolfinger, Marcus;Vorstand;Aktie;Kauf;68,70 EUR;13.740,00 EUR;10.03.2023;10.03.2023;QUOTRIX;13.03.2023 09:23:03
HUGO BOSS AG;40000943;DE000A1PHFF7;Müller, Yves Marc;Vorstand;Aktie;Kauf;60,44 EUR;60.440,00 EUR;13.03.2023;10.03.2023;XETRA;13.03.2023 10:04:45
KION GROUP AG;40020514;DE000KGX8881;Dandashly, Hasan;Vorstand;Aktie;Kauf;33,79 EUR;101.367,94 EUR;13.03.2023;10.03.2023;;13.03.2023 15:21:53
LEG Immobilien SE;40019594;DE000LEG1110;von Lackum, Lars;Vorstand;Aktie;Kauf;59,50 EUR;41.650,00 EUR;13.03.2023;10.03.2023;Tradegate;13.03.2023 11:44:33
STRATEC SE;40001599;DE000STRA555;Heni, Prof. Dr. Georg;Aufsichtsrat;Aktie;Kauf;67,50 EUR;27.000,00 EUR;10.03.2023;10.03.2023;gettex (Börse München);13.03.2023 09:58:20
publity AG;10118215;DE0006972508;NEON Equity AG;in enger Beziehung;Aktie;Kauf;27,00 EUR;42.013,80 EUR;13.03.2023;10.03.2023;Xetra;14.03.2023 14:02:12
Neon Equity AG;40029518;DE000A3DW408;TO Holding 1 GmbH;in enger Beziehung;Aktie;Kauf;11,30 EUR;2.825,00 EUR;13.03.2023;10.03.2023;Xetra;14.03.2023 14:02:12
Infineon Technologies AG;40001924;DE0006231004;Wijburg, Dr. Rutger;Vorstand;Aktie;Sonstiges;35,12 EUR;43.411,73 EUR;09.03.2023;09.03.2023;Xetra;10.03.2023 08:17:55
Infineon Technologies AG;40001924;DE0006231004;Wijburg, Dr. Rutger;Vorstand;Aktie;Sonstiges;35,12 EUR;89.773,78 EUR;09.03.2023;09.03.2023;;10.03.2023 08:17:55
Infineon Technologies AG;40001924;DE0006231004;Urschitz, Andreas;Vorstand;Aktie;Sonstiges;35,12 EUR;72.633,87 EUR;09.03.2023;09.03.2023;Xetra;10.03.2023 08:17:55
Infineon Technologies AG;40001924;DE0006231004;Urschitz, Andreas;Vorstand;Aktie;Sonstiges;35,12 EUR;150.325,42 EUR;09.03.2023;09.03.2023;;10.03.2023 08:17:55
Infineon Technologies AG;40001924;DE0006231004;Hanebeck, Jochen;Vorstand;Aktie;Sonstiges;35,12 EUR;101.715,52 EUR;09.03.2023;09.03.2023;Xetra;10.03.2023 08:17:55
Infineon Technologies AG;40001924;DE0006231004;Hanebeck, Jochen;Vorstand;Aktie;Sonstiges;35,12 EUR;210.525,84 EUR;09.03.2023;09.03.2023;;10.03.2023 08:17:55
LEG Immobilien SE;40019594;DE000LEG1110;Wiegel, Dr. Volker;Vorstand;Aktie;Kauf;62,00 EUR;60.447,28 EUR;09.03.2023;09.03.2023;Xetra;10.03.2023 08:07:06
Infineon Technologies AG;40001924;DE0006231004;Gruber, Peter;Aufsichtsrat;Aktie;Sonstiges;35,12 EUR;41.936,58 EUR;09.03.2023;09.03.2023;Xetra;10.03.2023 08:17:55
Infineon Technologies AG;40001924;DE0006231004;Gruber, Peter;Aufsichtsrat;Aktie;Sonstiges;35,12 EUR;86.753,22 EUR;09.03.2023;09.03.2023;;10.03.2023 08:17:55
3U Holding AG;40001675;DE0005167902;Schmidt, Michael;Aufsichtsrat;Aktie;Kauf;4,96 EUR;4.960,00 EUR;13.03.2023;09.03.2023;Xetra;13.03.2023 13:11:45
3U Holding AG;40001675;DE0005167902;Schmidt, Michael;Aufsichtsrat;Aktie;Kauf;4,89 EUR;40.777,71 EUR;13.03.2023;09.03.2023;Xetra;13.03.2023 13:05:55
action press AG;40031194;DE000A3ESE35;GFI Gesellschaft für Informationswissenschaft GmbH;in enger Beziehung;Aktie;Verkauf;1,45 EUR;1.450.000,00 EUR;13.03.2023;09.03.2023;;13.03.2023 13:17:58
HAMBORNER REIT AG;40001026;DE000DDZ56Z9;CMB Beteiligungs KG;in enger Beziehung;Derivat;Sonstiges;5,64 EUR;16.920,00 EUR;10.03.2023;09.03.2023;Deutsche Börse Frankfurt;10.03.2023 11:16:45
Neon Equity AG;40029518;DE000A3DW408;TO Holding 1 GmbH;in enger Beziehung;Aktie;Verkauf;11,00 EUR;2.899.996,00 EUR;14.03.2023;09.03.2023;;14.03.2023 14:57:47
JDC Group AG;40005122;DE000A0B9N37;Grace Beteiligungs GmbH;in enger Beziehung;Aktie;Kauf;17,60 EUR;5.281,30 EUR;13.03.2023;09.03.2023;XETRA;14.03.2023 14:21:57
Neon Equity AG;40029518;DE000A3DW408;TO Holding 1 GmbH;in enger Beziehung;Aktie;Kauf;11,50 EUR;575,00 EUR;13.03.2023;09.03.2023;Xetra;14.03.2023 14:12:31
publity AG;10118215;DE0006972508;NEON Equity AG;in enger Beziehung;Aktie;Kauf;26,96 EUR;30.627,00 EUR;13.03.2023;09.03.2023;Xetra;14.03.2023 14:12:31
Biofrontera AG;40005059;DE0006046113;Deutsche Balaton Aktiengesellschaft;in enger Beziehung;Aktie;Kauf;1,27 EUR;6.290,31 EUR;13.03.2023;09.03.2023;Xetra;14.03.2023 13:53:21
action press AG;40031194;DE000A3ESE35;Ulli Michel Beteiligungen UG (haftungsbeschränkt);in enger Beziehung;Aktie;Verkauf;1,45 EUR;1.450.000,00 EUR;13.03.2023;09.03.2023;;13.03.2023 14:11:34
FUCHS PETROLUB SE;40001544;DE000A3E5D64;Adelt, Isabelle;Vorstand;Aktie;Sonstiges;;;08.03.2023;08.03.2023;;09.03.2023 10:48:48
FUCHS PETROLUB SE;40001544;DE000A3E5D64;Fuchs, Stefan;Vorstand;Aktie;Sonstiges;;;08.03.2023;08.03.2023;;09.03.2023 10:48:48
FUCHS PETROLUB SE;40001544;DE000A3E5D64;Reister, Dr. Timo;Vorstand;Aktie;Sonstiges;;;08.03.2023;08.03.2023;;09.03.2023 10:38:17
FUCHS PETROLUB SE;40001544;DE000A3E5D64;Rheinboldt, Dr. Ralph;Vorstand;Aktie;Sonstiges;;;08.03.2023;08.03.2023;;09.03.2023 10:38:17
FUCHS PETROLUB SE;40001544;DE000A3E5D64;Lindemann, Dr. Lutz;Vorstand;Aktie;Sonstiges;;;08.03.2023;08.03.2023;;09.03.2023 10:38:17
FUCHS PETROLUB SE;40001544;DE000A3E5D64;Fuchs, Dr. Susanne;Aufsichtsrat;Aktie;Sonstiges;;;08.03.2023;08.03.2023;;09.03.2023 10:48:48
FUCHS PETROLUB SE;40001544;DE000A3E5D64;Loos, Dr. Christoph;Aufsichtsrat;Aktie;Sonstiges;;;08.03.2023;08.03.2023;;09.03.2023 10:48:48
Symrise AG;40005903;DE000SYM9999;König, Michael;Aufsichtsrat;Aktie;Kauf;92,84 EUR;102.128,68 EUR;08.03.2023;08.03.2023;Xetra;09.03.2023 10:30:11
HAMBORNER REIT AG;40001026;DE000A3H2333;Dreo-Tempsch, Maria Teresa;Aufsichtsrat;Aktie;Kauf;7,53 EUR;35.375,35 EUR;08.03.2023;08.03.2023;Xetra;09.03.2023 10:30:11
KST Beteiligungs AG;20000048;DE000A161309;Schmitt, Martin;Aufsichtsrat;Aktie;Kauf;1,28 EUR;10.215,50 EUR;08.03.2023;08.03.2023;Hamburg;09.03.2023 10:18:50
Diebold Nixdorf, Incorporated;50080191;US2536511031;Radigan, Ms. Elizabeth;Sonstige Führungsperson;Aktie;Sonstiges;0,00 EUR;0,00 EUR;10.03.2023;08.03.2023;;13.03.2023 10:33:50
Diebold Nixdorf, Incorporated;50080191;US2536511031;Barna, Mr. James;Sonstige Führungsperson;Aktie;Sonstiges;0,00 EUR;0,00 EUR;10.03.2023;08.03.2023;;13.03.2023 10:22:23
Diebold Nixdorf, Incorporated;50080191;US2536511031;Marquez, Mr. Octavio;Sonstige Führungsperson;Aktie;Sonstiges;0,00 EUR;0,00 EUR;10.03.2023;08.03.2023;;13.03.2023 10:16:29
Diebold Nixdorf, Incorporated;50080191;US2536511031;Marquez, Mr. Octavio;Sonstige Führungsperson;Aktie;Sonstiges;3,21 USD;62.184,12 USD;10.03.2023;08.03.2023;;13.03.2023 10:22:23
Diebold Nixdorf, Incorporated;50080191;US2536511031;Barna, Mr. James;Sonstige Führungsperson;Aktie;Sonstiges;3,21 USD;3.437,91 USD;10.03.2023;08.03.2023;;13.03.2023 10:27:55
Diebold Nixdorf, Incorporated;50080191;US2536511031;Leiken, Mr. Jonathan B.;Sonstige Führungsperson;Aktie;Sonstiges;3,21 USD;43.919,22 USD;10.03.2023;08.03.2023;;13.03.2023 10:33:50
Diebold Nixdorf, Incorporated;50080191;US2536511031;Leiken, Mr. Jonathan B.;Sonstige Führungsperson;Aktie;Sonstiges;0,00 EUR;0,00 EUR;10.03.2023;08.03.2023;;13.03.2023 10:27:55
Diebold Nixdorf, Incorporated;50080191;US2536511031;Heyden, Mr. Olaf;Sonstige Führungsperson;Aktie;Sonstiges;0,00 EUR;0,00 EUR;10.03.2023;08.03.2023;;13.03.2023 10:33:50
Diebold Nixdorf, Incorporated;50080191;US2536511031;Cantadurucu, Mr. Ilhami;Sonstige Führungsperson;Aktie;Sonstiges;3,21 USD;2.754,18 USD;10.03.2023;08.03.2023;;13.03.2023 10:33:50
Diebold Nixdorf, Incorporated;50080191;US2536511031;Cantadurucu, Mr. Ilhami;Sonstige Führungsperson;Aktie;Sonstiges;0,00 EUR;0,00 EUR;10.03.2023;08.03.2023;;13.03.2023 10:33:50
Diebold Nixdorf, Incorporated;50080191;US2536511031;Heyden, Mr. Olaf;Sonstige Führungsperson;Aktie;Sonstiges;3,21 USD;90.595,83 USD;10.03.2023;08.03.2023;;13.03.2023 10:33:50
Diebold Nixdorf, Incorporated;50080191;US2536511031;Radigan, Ms. Elizabeth;Sonstige Führungsperson;Aktie;Sonstiges;3,21 USD;3.444,33 USD;10.03.2023;08.03.2023;;13.03.2023 10:33:50
KRONES Aktiengesellschaft;40001126;DE0006335003;Schawei GmbH;in enger Beziehung;Aktie;Verkauf;114,46 EUR;899.633,81 EUR;10.03.2023;08.03.2023;;13.03.2023 09:28:32
publity AG;10118215;DE0006972508;NEON Equity AG;in enger Beziehung;Aktie;Kauf;26,80 EUR;37.817,30 EUR;10.03.2023;08.03.2023;Xetra;10.03.2023 11:55:40
Deutsche Konsum REIT-AG;40024326;DE000A14KRD3;Obotritia Alpha Invest GmbH;in enger Beziehung;Aktie;Verkauf;8,00 EUR;8.755.200,00 EUR;13.03.2023;08.03.2023;;14.03.2023 14:21:57
Deutsche Konsum REIT-AG;40024326;DE000A14KRD3;Obotritia Capital KGaA;in enger Beziehung;Aktie;Sonstiges;8,00 EUR;8.755.200,00 EUR;13.03.2023;08.03.2023;;14.03.2023 14:12:31
Biofrontera AG;40005059;DE0006046113;Deutsche Balaton Aktiengesellschaft;in enger Beziehung;Aktie;Kauf;1,27 EUR;635,00 EUR;13.03.2023;08.03.2023;Xetra;13.03.2023 14:11:34
KST Beteiligungs AG;20000048;DE000A161309;Schmitt, Martin;Aufsichtsrat;Aktie;Kauf;1,28 EUR;1.536,00 EUR;08.03.2023;07.03.2023;Stuttgart;09.03.2023 10:18:50
Biofrontera AG;40005059;DE0006046113;Deutsche Balaton Aktiengesellschaft;in enger Beziehung;Aktie;Kauf;1,27 EUR;6.718,30 EUR;10.03.2023;07.03.2023;Xetra;13.03.2023 09:11:45
Deutsche Konsum REIT-AG;40024326;DE000A14KRD3;Babelsberger Beteiligungs GmbH;in enger Beziehung;Aktie;Verkauf;8,00 EUR;4.161.416,00 EUR;10.03.2023;07.03.2023;;13.03.2023 09:46:08
Deutsche Konsum REIT-AG;40024326;DE000A14KRD3;Obotritia Capital KGaA;in enger Beziehung;Aktie;Sonstiges;8,00 EUR;4.161.416,00 EUR;10.03.2023;07.03.2023;;13.03.2023 09:40:21
publity AG;10118215;DE0006972508;NEON Equity AG;in enger Beziehung;Aktie;Kauf;26,99 EUR;15.924,60 EUR;10.03.2023;07.03.2023;Xetra;10.03.2023 11:55:40
Neon Equity AG;40029518;DE000A3DW408;TO Holding 1 GmbH;in enger Beziehung;Aktie;Kauf;11,20 EUR;5.600,00 EUR;10.03.2023;07.03.2023;Xetra;10.03.2023 11:49:55
Ekotechnika AG;40020213;DE000A161234;Buwitt, Lars Bjarne;Aufsichtsrat;Aktie;Kauf;19,20 EUR;1.920,00 EUR;07.03.2023;06.03.2023;Börse Düsseldorf;08.03.2023 09:54:35
Noratis AG;40026106;DE000A2E4MK4;Schröer, Dr. Henning;Aufsichtsrat;Aktie;Sonstiges;0,00 EUR;0,00 EUR;08.03.2023;06.03.2023;;10.03.2023 08:58:52
Noratis AG;40026106;DE000A3H2TV6;Schröer, Dr. Henning;Aufsichtsrat;Schuldtitel;Sonstiges;0,00 EUR;0,00 EUR;08.03.2023;06.03.2023;;10.03.2023 08:53:35
VERBIO Vereinigte BioEnergie AG;40005572;DE000A0JL9W6;Krämer, Ulrike;Aufsichtsrat;Aktie;Kauf;47,18 EUR;23.592,00 EUR;08.03.2023;06.03.2023;Tradegate;09.03.2023 09:53:12
Ekotechnika AG;40020213;DE000A161234;Buwitt, Lars Bjarne;Aufsichtsrat;Aktie;Kauf;19,49 EUR;20.266,00 EUR;07.03.2023;06.03.2023;XETRA;08.03.2023 09:59:56
Ekotechnika AG;40020213;DE000A161234;Buwitt, Lars Bjarne;Aufsichtsrat;Aktie;Kauf;19,10 EUR;1.146,00 EUR;07.03.2023;06.03.2023;Berlin Tradegate;08.03.2023 09:54:35
WR Wohnraum AG;40031409;DE000A2P8KF6;Matador Secondary Private Equity AG;in enger Beziehung;Aktie;Kauf;21,00 EUR;12.917.331,00 EUR;08.03.2023;06.03.2023;;09.03.2023 09:47:09
WR Wohnraum AG;40031409;DE000A2P8KF6;ELF Partners Group AG;in enger Beziehung;Aktie;Verkauf;21,00 EUR;12.917.331,00 EUR;08.03.2023;06.03.2023;;09.03.2023 09:53:12
publity AG;10118215;DE0006972508;NEON Equity AG;in enger Beziehung;Aktie;Kauf;27,30 EUR;7.289,10 EUR;07.03.2023;06.03.2023;Xetra;08.03.2023 10:16:53
SynBiotic SE;40030289;DE000A3E5A59;MARKTFLAGGE GmbH;in enger Beziehung;Aktie;Sonstiges;0,00 EUR;0,00 EUR;05.03.2023;05.03.2023;;07.03.2023 06:01:32
SynBiotic SE;40030289;DE000A3E5A59;doinglean Ventures GmbH;in enger Beziehung;Aktie;Sonstiges;0,00 EUR;0,00 EUR;05.03.2023;05.03.2023;;07.03.2023 06:01:32
FRoSTA AG;40000841;DE0006069008;Ahlers, Felix;Vorstand;Aktie;Sonstiges;60,00 EUR;6.023,12 EUR;06.03.2023;03.03.2023;Börse Frankfurt;07.03.2023 06:01:32
Deutsche Beteiligungs AG;40000951;DE000A1TNUT7;Hunecke, Jannick;Vorstand;Aktie;Sonstiges;30,80 EUR;50.827,10 EUR;03.03.2023;03.03.2023;XETRA;07.03.2023 06:01:32
Deutsche Beteiligungs AG;40000951;DE000A1TNUT7;Alzin, Tom;Vorstand;Aktie;Sonstiges;30,76 EUR;50.751,38 EUR;03.03.2023;03.03.2023;XETRA;07.03.2023 06:01:32
Bayer Aktiengesellschaft;40001030;DE000BAY0017;Cousin, Ertharin;Aufsichtsrat;Aktie;Sonstiges;15,27 USD;74.059,50 USD;07.03.2023;03.03.2023;;07.03.2023 14:10:27
Elmos Semiconductor SE;40001726;DE0005677108;Schellenberg, Sven-Olaf;Aufsichtsrat;Aktie;Verkauf;78,26 EUR;54.780,00 EUR;06.03.2023;03.03.2023;Tradegate;07.03.2023 06:01:32
Deutsche Konsum REIT-AG;40024326;DE000A14KRD3;Babelsberger Beteiligungs GmbH;in enger Beziehung;Aktie;Verkauf;7,90 EUR;1.374.157,60 EUR;08.03.2023;03.03.2023;;09.03.2023 10:06:24
Deutsche Konsum REIT-AG;40024326;DE000A14KRD3;Obotritia Capital KGaA;in enger Beziehung;Aktie;Sonstiges;7,90 EUR;1.374.157,60 EUR;08.03.2023;03.03.2023;;09.03.2023 10:06:24
publity AG;10118215;DE0006972508;NEON Equity AG;in enger Beziehung;Aktie;Kauf;27,23 EUR;24.589,90 EUR;07.03.2023;03.03.2023;Xetra;08.03.2023 10:10:57
Neon Equity AG;40029518;DE000A3DW408;TO Holding 1 GmbH;in enger Beziehung;Aktie;Verkauf;11,00 EUR;1.100.000,00 EUR;07.03.2023;03.03.2023;;08.03.2023 10:05:22
Neon Equity AG;40029518;DE000A3DW408;TO Holding 1 GmbH;in enger Beziehung;Aktie;Kauf;11,19 EUR;8.950,00 EUR;07.03.2023;03.03.2023;Xetra;08.03.2023 10:05:22
FRoSTA AG;40000841;DE0006069008;Ahlers, Felix;Vorstand;Aktie;Sonstiges;60,00 EUR;18.060,30 EUR;06.03.2023;02.03.2023;Börse Frankfurt;07.03.2023 06:01:32
BASF SE;40000910;DE000BASF111;Maas-Brunner, Dr. Melanie;Vorstand;Aktie;Kauf;47,79 EUR;57.352,30 EUR;02.03.2023;02.03.2023;XETRA;07.03.2023 06:01:32
Biofrontera AG;40005059;DE0006046113;Deutsche Balaton Aktiengesellschaft;in enger Beziehung;Aktie;Kauf;1,27 EUR;152,40 EUR;06.03.2023;02.03.2023;Berlin Tradegate;07.03.2023 14:10:27
publity AG;10118215;DE0006972508;NEON Equity AG;in enger Beziehung;Aktie;Kauf;27,30 EUR;22.443,80 EUR;03.03.2023;02.03.2023;Xetra;07.03.2023 06:01:32
DEUTSCHE BANK AKTIENGESELLSCHAFT;10100003;DE0005140008;Riley, Christiana;Vorstand;Aktie;Sonstiges;8,00 EUR;33.200,00 EUR;02.03.2023;01.03.2023;;03.03.2023 12:37:22
pferdewetten.de AG;40002028;DE000A30V8X3;Baumgarten, Lars-Wilhelm;Aufsichtsrat;Schuldtitel;Sonstiges;1.000,00 EUR;100.000,00 EUR;06.03.2023;01.03.2023;;07.03.2023 06:01:32
Bayer Aktiengesellschaft;40001030;DE000BAY0017;Winkeljohann, Prof. Dr. Norbert;Aufsichtsrat;Aktie;Sonstiges;56,27 EUR;119.978,30 EUR;03.03.2023;01.03.2023;Xetra;03.03.2023 12:48:22
Bayer Aktiengesellschaft;40001030;DE000BAY0017;Gansewendt, Dr. Barbara;Aufsichtsrat;Aktie;Sonstiges;56,27 EUR;31.626,55 EUR;03.03.2023;01.03.2023;Xetra;03.03.2023 12:48:22
Bayer Aktiengesellschaft;40001030;DE000BAY0017;Baier, Horst;Aufsichtsrat;Aktie;Sonstiges;56,27 EUR;99.944,40 EUR;03.03.2023;01.03.2023;Xetra;03.03.2023 12:42:56
Bayer Aktiengesellschaft;40001030;DE000BAY0017;Achleitner, Dr. Paul;Aufsichtsrat;Aktie;Kauf;56,27 EUR;99.944,40 EUR;03.03.2023;01.03.2023;Xetra;03.03.2023 12:42:56
ADTRAN Holdings, Inc.;50087419;;Stanton, Thomas R.;Sonstige Führungsperson;Aktie;Sonstiges;0,00 USD;0,00 USD;06.03.2023;01.03.2023;;07.03.2023 06:01:32
ADTRAN Holdings, Inc.;50087419;;Wilson Jr, James Denson;Sonstige Führungsperson;Aktie;Sonstiges;0,00 USD;0,00 USD;06.03.2023;01.03.2023;;07.03.2023 06:01:32
ADTRAN Holdings, Inc.;50087419;;Wilson Jr, James Denson;Sonstige Führungsperson;Aktie;Sonstiges;0,00 USD;0,00 USD;06.03.2023;01.03.2023;;07.03.2023 06:01:32
ADTRAN Holdings, Inc.;50087419;;Stanton, Thomas R.;Sonstige Führungsperson;Aktie;Sonstiges;0,00 USD;0,00 USD;06.03.2023;01.03.2023;;07.03.2023 06:01:32
publity AG;10118215;DE0006972508;NEON Equity AG;in enger Beziehung;Aktie;Kauf;27,40 EUR;17.344,20 EUR;02.03.2023;01.03.2023;Xetra;02.03.2023 15:40:56
Erlebnis Akademie AG;40024088;DE0001644565;Wühr, Martina;in enger Beziehung;Aktie;Sonstiges;9,80 EUR;98.000,00 EUR;02.03.2023;01.03.2023;;03.03.2023 12:32:08
The Social Chain AG;40023002;DE000A1YC996;FORTUNA Beteiligungsgesellschaft mbH;in enger Beziehung;Aktie;Sonstiges;;;02.03.2023;01.03.2023;;02.03.2023 15:47:12
InCity Immobilien AG;40005694;DE000A0HNF96;Realsoul Holding S.A.;in enger Beziehung;Aktie;Kauf;1,28 EUR;448,00 EUR;02.03.2023;01.03.2023;Xetra;03.03.2023 12:37:22
BASF SE;40000910;DE000BASF111;Kamieth, Dr. Markus;Vorstand;Aktie;Kauf;48,44 EUR;145.314,90 EUR;28.02.2023;28.02.2023;XETRA;02.03.2023 13:25:12
aap Implantate AG;40001831;;Hahn, Marek;Vorstand;Anderes auf Aktie/schuldtitel bez. FI;Sonstiges;0,00 EUR;0,00 EUR;01.03.2023;28.02.2023;;02.03.2023 15:08:04
flatexDEGIRO AG;10117887;XS2577874782;Aldach, René;Vorstand;Schuldtitel;Kauf;93,50 EUR;187.000,00 EUR;01.03.2023;28.02.2023;Börse Stuttgart;02.03.2023 14:56:19
pferdewetten.de AG;40002028;DE000A30V8X3;Dickinger, Jochen;Aufsichtsrat;Schuldtitel;Sonstiges;1.000,00 EUR;240.000,00 EUR;02.03.2023;28.02.2023;;03.03.2023 12:32:08
flatexDEGIRO AG;10117887;DE000FTG1111;Heinrich, Dr. Matthias;Sonstige Führungsperson;Aktie;Kauf;7,51 EUR;37.550,00 EUR;02.03.2023;28.02.2023;XETRA;02.03.2023 15:35:43
flatexDEGIRO AG;10117887;DE000FTG1111;Heinrich, Dr. Matthias;Sonstige Führungsperson;Aktie;Kauf;7,46 EUR;7.590,61 EUR;02.03.2023;28.02.2023;XETRA;02.03.2023 15:40:56
flatexDEGIRO AG;10117887;DE000FTG1111;Heinrich, Dr. Matthias;Sonstige Führungsperson;Aktie;Kauf;7,44 EUR;14.885,38 EUR;02.03.2023;28.02.2023;XETRA;02.03.2023 15:40:56
aap Implantate AG;40001831;;Krebs, Jürgen;in enger Beziehung;Anderes auf Aktie/schuldtitel bez. FI;Sonstiges;0,00 EUR;0,00 EUR;01.03.2023;28.02.2023;;02.03.2023 15:08:04
MBB SE;40004863;DE000A0ETBQ4;MBB Capital Management GmbH;in enger Beziehung;Aktie;Kauf;79,58 EUR;658.138,80 EUR;01.03.2023;28.02.2023;XETRA;02.03.2023 15:13:04
aap Implantate AG;40001831;;Langner Asset Management GmbH;in enger Beziehung;Anderes auf Aktie/schuldtitel bez. FI;Sonstiges;0,00 EUR;0,00 EUR;01.03.2023;28.02.2023;;02.03.2023 15:13:04
aap Implantate AG;40001831;;Deepblue Holding AG;in enger Beziehung;Anderes auf Aktie/schuldtitel bez. FI;Sonstiges;0,00 EUR;0,00 EUR;01.03.2023;28.02.2023;;02.03.2023 15:13:04
aap Implantate AG;40001831;;Merval AG;in enger Beziehung;Anderes auf Aktie/schuldtitel bez. FI;Sonstiges;0,00 EUR;0,00 EUR;01.03.2023;28.02.2023;;02.03.2023 15:13:04
Deutsche Telekom AG;40000239;DE0005557508;Freitag, Roland;in enger Beziehung;Aktie;Kauf;21,25 EUR;31.882,50 EUR;28.02.2023;28.02.2023;xetra;02.03.2023 13:25:12
publity AG;10118215;DE0006972508;NEON Equity AG;in enger Beziehung;Aktie;Kauf;27,40 EUR;8.494,00 EUR;02.03.2023;28.02.2023;Xetra;02.03.2023 15:40:56
sino Aktiengesellschaft;10117593;DE0005765507;Hillen, Ingo;Vorstand;Aktie;Kauf;31,30 EUR;3.130,00 EUR;28.02.2023;27.02.2023;Xetra;02.03.2023 13:25:12
BASF SE;40000910;DE000BASF111;Heinz, Michael;Vorstand;Aktie;Kauf;48,48 EUR;96.970,00 EUR;28.02.2023;27.02.2023;Börse Stuttgart;02.03.2023 13:25:12
sino Aktiengesellschaft;10117593;DE0005765507;Hillen, Ingo;Vorstand;Aktie;Kauf;31,20 EUR;49.982,40 EUR;28.02.2023;27.02.2023;Börse Stuttgart;02.03.2023 13:25:12
sino Aktiengesellschaft;10117593;DE0005765507;Hillen, Ingo;Vorstand;Aktie;Kauf;31,30 EUR;5.008,00 EUR;03.03.2023;27.02.2023;Tradegate;07.03.2023 06:01:32
Pyrum Innovations AG;40032480;DE000A2G8ZX8;Klein, Pascal;Vorstand;Aktie;Verkauf;60,00 EUR;100.020,00 EUR;27.02.2023;27.02.2023;;02.03.2023 12:46:28
Pyrum Innovations AG;40032480;DE000A2G8ZX8;Schmidt, Alf;Aufsichtsrat;Aktie;Kauf;60,00 EUR;100.020,00 EUR;27.02.2023;27.02.2023;;02.03.2023 12:40:20
Geratherm Medical AG;40001913;DE0005495626;Frank, Dr. Gert;Aufsichtsrat;Aktie;Kauf;7,87 EUR;46.984,51 EUR;28.02.2023;27.02.2023;Xetra;02.03.2023 13:17:35
flatexDEGIRO AG;10117887;DE000FTG1111;Heinrich, Dr. Matthias;Sonstige Führungsperson;Aktie;Kauf;7,99 EUR;2.789,21 EUR;02.03.2023;27.02.2023;Lang und Schwarz Tradecenter;02.03.2023 15:24:26
flatexDEGIRO AG;10117887;DE000FTG1111;Heinrich, Dr. Matthias;Sonstige Führungsperson;Aktie;Kauf;7,98 EUR;5.050,07 EUR;02.03.2023;27.02.2023;Baader Bank;02.03.2023 15:30:11
flatexDEGIRO AG;10117887;DE000FTG1111;Heinrich, Dr. Matthias;Sonstige Führungsperson;Aktie;Kauf;7,98 EUR;11.967,00 EUR;02.03.2023;27.02.2023;Tradegate Exchange;02.03.2023 15:30:11
flatexDEGIRO AG;10117887;DE000FTG1111;Heinrich, Dr. Matthias;Sonstige Führungsperson;Aktie;Kauf;7,98 EUR;11.967,00 EUR;02.03.2023;27.02.2023;Tradegate Exchange;02.03.2023 15:30:11
flatexDEGIRO AG;10117887;DE000FTG1111;Heinrich, Dr. Matthias;Sonstige Führungsperson;Aktie;Kauf;7,98 EUR;11.967,00 EUR;02.03.2023;27.02.2023;Tradegate Exchange;02.03.2023 15:30:11
flatexDEGIRO AG;10117887;DE000FTG1111;Heinrich, Dr. Matthias;Sonstige Führungsperson;Aktie;Kauf;7,98 EUR;11.967,00 EUR;02.03.2023;27.02.2023;Tradegate Exchange;02.03.2023 15:30:11
flatexDEGIRO AG;10117887;DE000FTG1111;Heinrich, Dr. Matthias;Sonstige Führungsperson;Aktie;Kauf;7,97 EUR;2.782,93 EUR;02.03.2023;27.02.2023;Lang und Schwarz Tradecenter;02.03.2023 15:30:11
flatexDEGIRO AG;10117887;DE000FTG1111;Heinrich, Dr. Matthias;Sonstige Führungsperson;Aktie;Kauf;7,58 EUR;5.062,10 EUR;01.03.2023;27.02.2023;Baader Bank;02.03.2023 14:45:20
flatexDEGIRO AG;10117887;DE000FTG1111;Heinrich, Dr. Matthias;Sonstige Führungsperson;Aktie;Kauf;8,00 EUR;11.997,00 EUR;01.03.2023;27.02.2023;Tradegate Exchange;02.03.2023 15:02:07
flatexDEGIRO AG;10117887;DE000FTG1111;Heinrich, Dr. Matthias;Sonstige Führungsperson;Aktie;Kauf;7,82 EUR;3.126,40 EUR;01.03.2023;27.02.2023;Lang und Schwarz Tradecenter;02.03.2023 14:56:19
flatexDEGIRO AG;10117887;DE000FTG1111;Heinrich, Dr. Matthias;Sonstige Führungsperson;Aktie;Kauf;7,83 EUR;3.133,60 EUR;01.03.2023;27.02.2023;Lang und Schwarz Tradecenter;02.03.2023 14:51:04
flatexDEGIRO AG;10117887;DE000FTG1111;Heinrich, Dr. Matthias;Sonstige Führungsperson;Aktie;Kauf;7,83 EUR;3.132,00 EUR;01.03.2023;27.02.2023;Lang und Schwarz Tradecenter;02.03.2023 14:51:04
flatexDEGIRO AG;10117887;DE000FTG1111;Heinrich, Dr. Matthias;Sonstige Führungsperson;Aktie;Kauf;7,87 EUR;5.051,26 EUR;01.03.2023;27.02.2023;Baader Bank;02.03.2023 14:45:20
flatexDEGIRO AG;10117887;DE000FTG1111;Heinrich, Dr. Matthias;Sonstige Führungsperson;Aktie;Kauf;7,82 EUR;5.020,44 EUR;01.03.2023;27.02.2023;Baader Bank;02.03.2023 14:45:20
flatexDEGIRO AG;10117887;DE000FTG1111;Carpio GmbH;in enger Beziehung;Aktie;Kauf;7,98 EUR;23.940,00 EUR;28.02.2023;27.02.2023;Tradegate Exchange;02.03.2023 12:53:39
flatexDEGIRO AG;10117887;DE000FTG1111;Carpio GmbH;in enger Beziehung;Aktie;Kauf;7,94 EUR;39.700,00 EUR;28.02.2023;27.02.2023;Tradegate Exchange;02.03.2023 13:08:46
flatexDEGIRO AG;10117887;DE000FTG1111;Carpio GmbH;in enger Beziehung;Aktie;Kauf;7,95 EUR;39.740,00 EUR;28.02.2023;27.02.2023;Tradegate Exchange;02.03.2023 13:08:46
flatexDEGIRO AG;10117887;DE000FTG1111;Carpio GmbH;in enger Beziehung;Aktie;Kauf;7,95 EUR;38.229,88 EUR;28.02.2023;27.02.2023;Tradegate Exchange;02.03.2023 13:08:46
flatexDEGIRO AG;10117887;DE000FTG1111;Carpio GmbH;in enger Beziehung;Aktie;Kauf;7,95 EUR;7.950,00 EUR;28.02.2023;27.02.2023;Tradegate Exchange;02.03.2023 13:08:46
flatexDEGIRO AG;10117887;DE000FTG1111;Carpio GmbH;in enger Beziehung;Aktie;Kauf;7,96 EUR;31.840,00 EUR;28.02.2023;27.02.2023;Tradegate Exchange;02.03.2023 13:08:46
flatexDEGIRO AG;10117887;DE000FTG1111;Carpio GmbH;in enger Beziehung;Aktie;Kauf;7,98 EUR;39.900,00 EUR;28.02.2023;27.02.2023;Tradegate Exchange;02.03.2023 13:00:38
flatexDEGIRO AG;10117887;DE000FTG1111;Carpio GmbH;in enger Beziehung;Aktie;Kauf;7,96 EUR;31.840,00 EUR;28.02.2023;27.02.2023;Tradegate Exchange;02.03.2023 13:00:38
flatexDEGIRO AG;10117887;DE000FTG1111;Carpio GmbH;in enger Beziehung;Aktie;Kauf;7,96 EUR;39.774,90 EUR;28.02.2023;27.02.2023;Tradegate Exchange;02.03.2023 13:00:38
flatexDEGIRO AG;10117887;DE000FTG1111;Carpio GmbH;in enger Beziehung;Aktie;Kauf;7,98 EUR;15.960,00 EUR;28.02.2023;27.02.2023;Tradegate Exchange;02.03.2023 13:00:38
flatexDEGIRO AG;10117887;DE000FTG1111;Carpio GmbH;in enger Beziehung;Aktie;Kauf;7,97 EUR;19.837,33 EUR;28.02.2023;27.02.2023;Tradegate Exchange;02.03.2023 13:00:38
flatexDEGIRO AG;10117887;DE000FTG1111;Carpio GmbH;in enger Beziehung;Aktie;Kauf;7,98 EUR;39.900,00 EUR;28.02.2023;27.02.2023;Tradegate Exchange;02.03.2023 13:00:38
flatexDEGIRO AG;10117887;DE000FTG1111;Carpio GmbH;in enger Beziehung;Aktie;Kauf;7,99 EUR;15.980,00 EUR;28.02.2023;27.02.2023;Tradegate Exchange;02.03.2023 13:00:38
flatexDEGIRO AG;10117887;DE000FTG1111;Carpio GmbH;in enger Beziehung;Aktie;Kauf;7,99 EUR;23.962,59 EUR;28.02.2023;27.02.2023;Tradegate Exchange;02.03.2023 13:00:38
flatexDEGIRO AG;10117887;DE000FTG1111;Carpio GmbH;in enger Beziehung;Aktie;Kauf;7,62 EUR;76.199,52 EUR;28.02.2023;27.02.2023;Tradegate Exchange;02.03.2023 12:53:39
flatexDEGIRO AG;10117887;DE000FTG1111;Carpio GmbH;in enger Beziehung;Aktie;Kauf;8,04 EUR;4.107,42 EUR;28.02.2023;27.02.2023;Tradegate Exchange;02.03.2023 12:53:39
flatexDEGIRO AG;10117887;DE000FTG1111;Carpio GmbH;in enger Beziehung;Aktie;Kauf;8,04 EUR;40.190,00 EUR;28.02.2023;27.02.2023;Tradegate Exchange;02.03.2023 12:53:39
flatexDEGIRO AG;10117887;DE000FTG1111;Carpio GmbH;in enger Beziehung;Aktie;Kauf;8,04 EUR;16.077,00 EUR;28.02.2023;27.02.2023;Tradegate Exchange;02.03.2023 12:53:39
United Internet AG;40001525;DE0005089031;Ralph Dommermuth GmbH & Co. KG Beteiligungsgesellschaft;in enger Beziehung;Aktie;Sonstiges;21,00 EUR;105.940.695,00 EUR;01.03.2023;27.02.2023;;02.03.2023 15:24:26
MBB SE;40004863;DE000A0ETBQ4;MBB Capital Management GmbH;in enger Beziehung;Aktie;Kauf;77,81 EUR;151.964,10 EUR;01.03.2023;27.02.2023;XETRA;02.03.2023 15:18:35
flatexDEGIRO AG;10117887;DE000FTG1111;Carpio GmbH;in enger Beziehung;Aktie;Kauf;7,70 EUR;9.160,62 EUR;28.02.2023;27.02.2023;Tradegate Exchange;02.03.2023 13:17:35
flatexDEGIRO AG;10117887;DE000FTG1111;Carpio GmbH;in enger Beziehung;Aktie;Kauf;7,90 EUR;118.477,87 EUR;28.02.2023;27.02.2023;Tradegate Exchange;02.03.2023 13:17:35
flatexDEGIRO AG;10117887;DE000FTG1111;Carpio GmbH;in enger Beziehung;Aktie;Kauf;7,95 EUR;79.500,00 EUR;28.02.2023;27.02.2023;Tradegate Exchange;02.03.2023 13:17:35
flatexDEGIRO AG;10117887;DE000FTG1111;Carpio GmbH;in enger Beziehung;Aktie;Kauf;7,98 EUR;39.890,00 EUR;28.02.2023;27.02.2023;Tradegate Exchange;02.03.2023 13:17:35
flatexDEGIRO AG;10117887;DE000FTG1111;Carpio GmbH;in enger Beziehung;Aktie;Kauf;7,95 EUR;39.740,00 EUR;28.02.2023;27.02.2023;Tradegate Exchange;02.03.2023 13:17:35
flatexDEGIRO AG;10117887;DE000FTG1111;Carpio GmbH;in enger Beziehung;Aktie;Kauf;7,90 EUR;39.510,00 EUR;28.02.2023;27.02.2023;Tradegate Exchange;02.03.2023 13:17:35
flatexDEGIRO AG;10117887;DE000FTG1111;Carpio GmbH;in enger Beziehung;Aktie;Kauf;7,97 EUR;39.860,00 EUR;28.02.2023;27.02.2023;Tradegate Exchange;02.03.2023 13:17:35
flatexDEGIRO AG;10117887;DE000FTG1111;Carpio GmbH;in enger Beziehung;Aktie;Kauf;7,96 EUR;39.800,00 EUR;28.02.2023;27.02.2023;Tradegate Exchange;02.03.2023 13:17:35
flatexDEGIRO AG;10117887;DE000FTG1111;Carpio GmbH;in enger Beziehung;Aktie;Kauf;7,93 EUR;39.650,00 EUR;28.02.2023;27.02.2023;Tradegate Exchange;02.03.2023 13:08:46
flatexDEGIRO AG;10117887;DE000FTG1111;Carpio GmbH;in enger Beziehung;Aktie;Kauf;7,95 EUR;23.850,00 EUR;28.02.2023;27.02.2023;Tradegate Exchange;02.03.2023 13:08:46
flatexDEGIRO AG;10117887;DE000FTG1111;Carpio GmbH;in enger Beziehung;Aktie;Kauf;7,90 EUR;39.500,00 EUR;28.02.2023;27.02.2023;Tradegate Exchange;02.03.2023 13:08:46
flatexDEGIRO AG;10117887;DE000FTG1111;Carpio GmbH;in enger Beziehung;Aktie;Kauf;7,89 EUR;39.466,23 EUR;28.02.2023;27.02.2023;Tradegate Exchange;02.03.2023 13:08:46
flatexDEGIRO AG;10117887;DE000FTG1111;Carpio GmbH;in enger Beziehung;Aktie;Kauf;7,89 EUR;39.450,00 EUR;28.02.2023;27.02.2023;Tradegate Exchange;02.03.2023 13:08:46
flatexDEGIRO AG;10117887;DE000FTG1111;Carpio GmbH;in enger Beziehung;Aktie;Kauf;7,95 EUR;39.735,05 EUR;28.02.2023;27.02.2023;Tradegate Exchange;02.03.2023 13:08:46
flatexDEGIRO AG;10117887;DE000FTG1111;Carpio GmbH;in enger Beziehung;Aktie;Kauf;7,93 EUR;39.667,00 EUR;28.02.2023;27.02.2023;Tradegate Exchange;02.03.2023 13:08:46
publity AG;10118215;DE0006972508;NEON Equity AG;in enger Beziehung;Aktie;Kauf;27,25 EUR;17.110,30 EUR;02.03.2023;27.02.2023;Xetra;02.03.2023 15:40:56
flatexDEGIRO AG;10117887;DE000FTG1111;ADNI GmbH;in enger Beziehung;Aktie;Kauf;8,04 EUR;20.095,00 EUR;03.03.2023;27.02.2023;Tradegate Exchange;03.03.2023 14:04:36
3U Holding AG;40001675;DE0005167902;Knoke, Uwe;Vorstand;Aktie;Kauf;1,24 EUR;49.600,00 EUR;01.03.2023;24.02.2023;;02.03.2023 13:17:35
Siemens Healthineers AG;40026744;DE000SHL1006;Staudinger-Leibrecht, Elisabeth;Vorstand;Aktie;Sonstiges;49,74 EUR;12.609,20 EUR;28.02.2023;24.02.2023;Xetra;02.03.2023 13:25:12
sino Aktiengesellschaft;10117593;DE0005765507;Hillen, Ingo;Vorstand;Aktie;Kauf;31,00 EUR;34.224,00 EUR;27.02.2023;24.02.2023;Xetra;02.03.2023 12:34:52
Kontron AG;40002179;AT0000A2HQA7;Niederhauser, DI Hannes;Vorstand;Derivat;Kauf;2,82 EUR;5.640,00 EUR;27.02.2023;24.02.2023;;02.03.2023 12:23:30
Münchener Rückversicherungs-Gesellschaft Aktiengesellschaft in München;40001467;DE0008430026;Rieß, Dr. Markus;Vorstand;Aktie;Verkauf;322,10 EUR;241.575,90 EUR;27.02.2023;24.02.2023;XETRA;02.03.2023 12:18:21
EXASOL AG;40029490;DE000A0LR9G9;Tewes, Jörg;Vorstand;Aktie;Kauf;4,43 EUR;42.866,45 EUR;24.02.2023;24.02.2023;XETRA;02.03.2023 12:18:21
Neon Equity AG;40029518;DE000A3DW408;TO Holding 1 GmbH;in enger Beziehung;Aktie;Kauf;11,25 EUR;11.250,00 EUR;27.02.2023;24.02.2023;Xetra;02.03.2023 12:40:20
publity AG;10118215;DE0006972508;NEON Equity AG;in enger Beziehung;Aktie;Kauf;27,10 EUR;46.878,70 EUR;27.02.2023;24.02.2023;Xetra;02.03.2023 12:29:16
Münchener Rückversicherungs-Gesellschaft Aktiengesellschaft in München;40001467;DE0008430026;Rieß, Dr. Markus;Vorstand;Aktie;Kauf;314,23 EUR;235.674,40 EUR;24.02.2023;23.02.2023;Xetra;24.02.2023 14:28:04
Münchener Rückversicherungs-Gesellschaft Aktiengesellschaft in München;40001467;DE0008430026;Kassow, Dr. Achim;Vorstand;Aktie;Kauf;311,30 EUR;48.251,50 EUR;23.02.2023;23.02.2023;Xetra;23.02.2023 16:45:05
Münchener Rückversicherungs-Gesellschaft Aktiengesellschaft in München;40001467;DE0008430026;Jurecka, Dr. Christoph;Vorstand;Aktie;Kauf;309,90 EUR;49.584,00 EUR;23.02.2023;23.02.2023;Xetra;23.02.2023 16:45:05
publity AG;10118215;DE0006972508;NEON Equity AG;in enger Beziehung;Aktie;Kauf;27,40 EUR;15.097,40 EUR;27.02.2023;23.02.2023;Xetra;02.03.2023 12:34:52
Siemens Healthineers AG;40026744;DE000SHL1006;Montag, Dr. Bernhard;Vorstand;Aktie;Sonstiges;;;22.02.2023;22.02.2023;;23.02.2023 16:45:05
Siemens Healthineers AG;40026744;DE000SHL1006;Staudinger-Leibrecht, Elisabeth;Vorstand;Aktie;Sonstiges;;;23.02.2023;22.02.2023;;24.02.2023 14:28:04
Siemens Healthineers AG;40026744;DE000SHL1006;Staudinger-Leibrecht, Elisabeth;Vorstand;Aktie;Sonstiges;;;22.02.2023;22.02.2023;;23.02.2023 16:45:05
Siemens Healthineers AG;40026744;DE000SHL1006;Schmitz, Dr. Jochen;Vorstand;Aktie;Sonstiges;;;22.02.2023;22.02.2023;;23.02.2023 16:45:05
3U Holding AG;40001675;DE0005167902;Beck-Bazlen, Jürgen;Aufsichtsrat;Aktie;Kauf;4,30 EUR;15.050,00 EUR;24.02.2023;22.02.2023;Trategate;24.02.2023 14:28:04
publity AG;10118215;DE0006972508;NEON Equity AG;in enger Beziehung;Aktie;Kauf;27,40 EUR;20.550,00 EUR;27.02.2023;22.02.2023;Xetra;02.03.2023 12:34:52
Baader Bank Aktiengesellschaft;20000004;DE0005088108;Riedel, Oliver;Vorstand;Aktie;Kauf;4,35 EUR;8.705,72 EUR;22.02.2023;21.02.2023;Berlin Tradegate;22.02.2023 16:26:07
KST Beteiligungs AG;20000048;DE000A161309;Schmitt, Martin;Aufsichtsrat;Aktie;Kauf;1,28 EUR;2.560,00 EUR;23.02.2023;21.02.2023;Stuttgart;24.02.2023 14:22:46
Biofrontera AG;40005059;DE0006046113;Deutsche Balaton Aktiengesellschaft;in enger Beziehung;Aktie;Kauf;1,27 EUR;101,60 EUR;27.02.2023;21.02.2023;Berlin Tradegate;02.03.2023 12:18:21
publity AG;10118215;DE0006972508;NEON Equity AG;in enger Beziehung;Aktie;Kauf;27,56 EUR;25.107,40 EUR;22.02.2023;21.02.2023;Xetra;23.02.2023 16:45:05
publity AG;10118215;DE0006972508;NEON Equity AG;in enger Beziehung;Aktie;Kauf;27,74 EUR;29.124,40 EUR;21.02.2023;20.02.2023;Xetra;22.02.2023 10:42:22
HanseYachts AG;40006276;DE000A0KF6M8;Runde, Hanjo;Vorstand;Aktie;Kauf;2,86 EUR;349.998,22 EUR;21.02.2023;17.02.2023;;21.02.2023 16:12:30
HanseYachts AG;40006276;DE000A0KF6M8;Zimmermann, Stefan;Vorstand;Aktie;Kauf;2,86 EUR;349.998,22 EUR;21.02.2023;17.02.2023;;21.02.2023 16:12:30
RWE Aktiengesellschaft;40001211;DE0007037129;Müller, Dr. Michael;Vorstand;Aktie;Kauf;39,36 EUR;29.913,60 EUR;17.02.2023;17.02.2023;Börsenplatz Stuttgart;21.02.2023 11:39:32
Mercedes-Benz Group AG;40001588;DE0007100000;Wilhelm, Harald;Vorstand;Aktie;Sonstiges;;;20.02.2023;17.02.2023;;21.02.2023 11:22:16
Mercedes-Benz Group AG;40001588;DE0007100000;Kohleisen, Sabine;Vorstand;Aktie;Sonstiges;;;20.02.2023;17.02.2023;;21.02.2023 11:22:16
Mercedes-Benz Group AG;40001588;DE0007100000;Seeger, Britta;Vorstand;Aktie;Sonstiges;;;20.02.2023;17.02.2023;;21.02.2023 11:22:16
Mercedes-Benz Group AG;40001588;DE0007100000;Schäfer, Markus;Vorstand;Aktie;Sonstiges;;;20.02.2023;17.02.2023;;21.02.2023 11:22:16
Mercedes-Benz Group AG;40001588;DE0007100000;Källenius, Ola;Vorstand;Aktie;Sonstiges;;;20.02.2023;17.02.2023;;21.02.2023 11:22:16
Mercedes-Benz Group AG;40001588;DE0007100000;Jungo Brüngger, Renata;Vorstand;Aktie;Sonstiges;;;20.02.2023;17.02.2023;;21.02.2023 11:22:16
Mercedes-Benz Group AG;40001588;DE0007100000;Burzer, Dr. Jörg;Vorstand;Aktie;Sonstiges;;;20.02.2023;17.02.2023;;21.02.2023 11:22:16
3U Holding AG;40001675;DE0005167902;Knoke, Uwe;Vorstand;Aktie;Verkauf;4,27 EUR;34.160,00 EUR;20.02.2023;17.02.2023;Tradegate;21.02.2023 11:05:11
Neon Equity AG;40029518;DE000A3DW408;TO Holding 1 GmbH;in enger Beziehung;Aktie;Kauf;11,02 EUR;110,20 EUR;21.02.2023;17.02.2023;Xetra;22.02.2023 10:36:05
sino Aktiengesellschaft;10117593;DE0005765507;MMI Leisure & Capital Management GmbH;in enger Beziehung;Aktie;Verkauf;34,03 EUR;30.630,00 EUR;17.02.2023;17.02.2023;Börse Stuttgart;21.02.2023 11:33:47
sino Aktiengesellschaft;10117593;DE0005765507;MMI Leisure & Capital Management GmbH;in enger Beziehung;Aktie;Verkauf;34,59 EUR;38.046,00 EUR;17.02.2023;17.02.2023;Tradegate;21.02.2023 11:33:47
MBB SE;40004863;DE000A0ETBQ4;MBB Capital Management GmbH;in enger Beziehung;Aktie;Kauf;79,80 EUR;159.600,00 EUR;20.02.2023;17.02.2023;XETRA;21.02.2023 11:28:00
sino Aktiengesellschaft;10117593;DE0005765507;MMI Leisure & Capital Management GmbH;in enger Beziehung;Aktie;Verkauf;33,70 EUR;8.054,30 EUR;17.02.2023;17.02.2023;Xetra;21.02.2023 11:28:00
sino Aktiengesellschaft;10117593;DE0005765507;MMI Leisure & Capital Management GmbH;in enger Beziehung;Aktie;Verkauf;32,50 EUR;487.500,00 EUR;17.02.2023;17.02.2023;;21.02.2023 11:28:00
publity AG;10118215;DE0006972508;NEON Equity AG;in enger Beziehung;Aktie;Kauf;27,70 EUR;13.850,00 EUR;21.02.2023;17.02.2023;Xetra;22.02.2023 10:42:22
FRoSTA AG;40000841;DE0006069008;Busse, Maik;Vorstand;Aktie;Sonstiges;61,38 EUR;30.690,00 EUR;21.02.2023;16.02.2023;Börse Frankfurt;21.02.2023 11:39:32
Siemens Aktiengesellschaft;40001273;DE0007236101;Rebellius, Matthias;Vorstand;Aktie;Verkauf;148,07 EUR;121.124,56 EUR;17.02.2023;16.02.2023;XETRA;21.02.2023 11:39:32
COMMERZBANK Aktiengesellschaft;10100005;DE000CBK1001;Orlopp, Dr. Bettina;Vorstand;Aktie;Kauf;10,86 EUR;105.641,53 EUR;16.02.2023;16.02.2023;Frankfurt - XETRA;17.02.2023 11:23:57
COMMERZBANK Aktiengesellschaft;10100005;DE000CBK1001;Schaufler, Thomas;Vorstand;Aktie;Kauf;11,19 EUR;55.925,00 EUR;16.02.2023;16.02.2023;Berlin Tradegate;17.02.2023 11:23:57
COMMERZBANK Aktiengesellschaft;10100005;DE000CBK1001;Chromik, Dr. Marcus;Vorstand;Aktie;Kauf;10,69 EUR;117.535,00 EUR;16.02.2023;16.02.2023;Berlin Tradegate;17.02.2023 11:30:09
thyssenkrupp AG;40001876;DE0007500001;Keysberg, Dr. Klaus;Vorstand;Aktie;Kauf;6,83 EUR;54.047,19 EUR;16.02.2023;16.02.2023;Xetra;17.02.2023 07:13:00
thyssenkrupp AG;40001876;DE0007500001;Burkhard, Oliver;Vorstand;Aktie;Kauf;6,83 EUR;54.047,19 EUR;16.02.2023;16.02.2023;Xetra;17.02.2023 07:13:00
thyssenkrupp AG;40001876;DE0007500001;Merz, Martina;Vorstand;Aktie;Kauf;6,83 EUR;101.301,75 EUR;16.02.2023;16.02.2023;Xetra;17.02.2023 07:13:00
3U Holding AG;40001675;DE0005167902;Beck-Bazlen, Jürgen;Aufsichtsrat;Aktie;Kauf;4,28 EUR;14.980,00 EUR;20.02.2023;16.02.2023;XETRA;21.02.2023 11:05:11
publity AG;10118215;DE0006972508;NEON Equity AG;in enger Beziehung;Aktie;Kauf;27,51 EUR;50.893,80 EUR;17.02.2023;16.02.2023;Xetra;21.02.2023 11:33:47
MBB SE;40004863;DE000A0ETBQ4;MBB Capital Management GmbH;in enger Beziehung;Aktie;Kauf;80,64 EUR;548.814,40 EUR;20.02.2023;16.02.2023;XETRA;21.02.2023 11:28:00
sino Aktiengesellschaft;10117593;DE0005765507;MMI Leisure & Capital Management GmbH;in enger Beziehung;Aktie;Verkauf;34,87 EUR;28.590,00 EUR;17.02.2023;16.02.2023;Tradegate;17.02.2023 13:31:21
sino Aktiengesellschaft;10117593;DE0005765507;MMI Leisure & Capital Management GmbH;in enger Beziehung;Aktie;Verkauf;35,00 EUR;3.150,00 EUR;17.02.2023;16.02.2023;XETRA;17.02.2023 13:31:21
RWE Aktiengesellschaft;40001211;DE0007037129;Sulmana Vermögensverwaltung GmbH;in enger Beziehung;Aktie;Kauf;39,17 EUR;15.080,45 EUR;17.02.2023;16.02.2023;Tradegate;17.02.2023 13:31:21
Baader Bank Aktiengesellschaft;20000004;DE0005088108;Riedel, Oliver;Vorstand;Aktie;Kauf;4,35 EUR;8.700,00 EUR;16.02.2023;15.02.2023;Berlin Tradegate;16.02.2023 15:30:08
thyssenkrupp AG;40001876;DE0007500001;Keysberg, Dr. Klaus;Vorstand;Aktie;Kauf;6,54 EUR;54.039,14 EUR;16.02.2023;15.02.2023;Xetra;16.02.2023 09:19:41
thyssenkrupp AG;40001876;DE0007500001;Burkhard, Oliver;Vorstand;Aktie;Kauf;6,54 EUR;54.039,14 EUR;16.02.2023;15.02.2023;Xetra;16.02.2023 09:19:41
thyssenkrupp AG;40001876;DE0007500001;Merz, Martina;Vorstand;Aktie;Kauf;6,54 EUR;101.294,77 EUR;16.02.2023;15.02.2023;Xetra;16.02.2023 09:19:41
Biofrontera AG;40005059;DE0006046113;Deutsche Balaton Aktiengesellschaft;in enger Beziehung;Aktie;Kauf;1,27 EUR;1.492,25 EUR;20.02.2023;15.02.2023;Xetra;21.02.2023 10:46:57
publity AG;10118215;DE0006972508;NEON Equity AG;in enger Beziehung;Aktie;Kauf;28,20 EUR;8.460,00 EUR;17.02.2023;15.02.2023;Xetra;17.02.2023 11:30:09
3U Holding AG;40001675;DE0005167902;Knoke, Uwe;Vorstand;Aktie;Verkauf;4,23 EUR;6.345,00 EUR;20.02.2023;14.02.2023;Tradegate;21.02.2023 11:05:11
Elmos Semiconductor SE;40001726;DE0005677108;Dienstuhl, Dr. Jan;Vorstand;Aktie;Sonstiges;;;16.02.2023;14.02.2023;;16.02.2023 12:47:46
Elmos Semiconductor SE;40001726;DE0005677108;Meyer, Guido;Vorstand;Aktie;Sonstiges;;;16.02.2023;14.02.2023;;16.02.2023 12:47:46
Elmos Semiconductor SE;40001726;DE0005677108;Schneider, Dr. Arne;Vorstand;Aktie;Sonstiges;;;16.02.2023;14.02.2023;;16.02.2023 12:47:46
RWE Aktiengesellschaft;40001211;DE0007037129;Müller, Dr. Michael;Vorstand;Aktie;Kauf;39,70 EUR;49.625,00 EUR;14.02.2023;14.02.2023;Tradegate;14.02.2023 14:26:33
RWE Aktiengesellschaft;40001211;DE0007037129;Valentin, Helle;Aufsichtsrat;Aktie;Kauf;39,82 EUR;35.838,00 EUR;16.02.2023;14.02.2023;XETRA;16.02.2023 09:19:41
Diebold Nixdorf, Incorporated;50080191;US2536511031;Marquez, Mr. Octavio;Sonstige Führungsperson;Aktie;Kauf;2,92 USD;20.440,00 USD;14.02.2023;14.02.2023;NYSE;15.02.2023 10:16:04
Diebold Nixdorf, Incorporated;50080191;US2536511031;Greenfield, Mr. Gary G.;Sonstige Führungsperson;Aktie;Kauf;2,88 USD;50.358,00 USD;14.02.2023;14.02.2023;NYSE;15.02.2023 10:16:04
publity AG;10118215;DE0006972508;NEON Equity AG;in enger Beziehung;Aktie;Kauf;28,00 EUR;14.000,00 EUR;15.02.2023;14.02.2023;Xetra;15.02.2023 14:18:23
Biofrontera AG;40005059;DE0006046113;Deutsche Balaton Aktiengesellschaft;in enger Beziehung;Aktie;Kauf;1,27 EUR;1.104,90 EUR;20.02.2023;14.02.2023;Xetra;21.02.2023 10:46:57
Neon Equity AG;40029518;DE000A3DW408;TO Holding 1 GmbH;in enger Beziehung;Aktie;Kauf;11,22 EUR;561,00 EUR;15.02.2023;14.02.2023;Xetra;15.02.2023 14:18:23
3U Holding AG;40001675;DE0005167902;Beck-Bazlen, Jürgen;Aufsichtsrat;Aktie;Kauf;4,25 EUR;14.875,00 EUR;20.02.2023;13.02.2023;XETRA;21.02.2023 11:05:11
3U Holding AG;40001675;DE0005167902;Beck-Bazlen, Jürgen;Aufsichtsrat;Aktie;Kauf;4,25 EUR;14.875,00 EUR;14.02.2023;13.02.2023;XETRA;14.02.2023 14:26:33
Diebold Nixdorf, Incorporated;50080191;US2536511031;Marquez, Mr. Octavio;Sonstige Führungsperson;Aktie;Kauf;2,28 USD;68.300,00 USD;13.02.2023;13.02.2023;NYSE;14.02.2023 09:34:27
Biofrontera AG;40005059;DE0006046113;Deutsche Balaton Aktiengesellschaft;in enger Beziehung;Aktie;Kauf;1,27 EUR;2.071,37 EUR;16.02.2023;13.02.2023;Xetra;16.02.2023 12:37:42
publity AG;10118215;DE0006972508;NEON Equity AG;in enger Beziehung;Aktie;Kauf;27,80 EUR;8.340,00 EUR;15.02.2023;13.02.2023;Xetra;15.02.2023 14:18:23
ENCAVIS AG;20000258;DE0006095003;ABACON CAPITAL GmbH;in enger Beziehung;Aktie;Kauf;18,00 EUR;216.000,00 EUR;14.02.2023;13.02.2023;XETRA;14.02.2023 14:26:33
